<?xml version="1.0" encoding="UTF-8"?>
<beans xmlns="http://www.springframework.org/schema/beans"
	xmlns:xsi="http://www.w3.org/2001/XMLSchema-instance"
	xmlns:context="http://www.springframework.org/schema/context"
	xmlns:mvc="http://www.springframework.org/schema/mvc"
	xsi:schemaLocation="http://www.springframework.org/schema/mvc http://www.springframework.org/schema/mvc/spring-mvc-4.3.xsd
		http://www.springframework.org/schema/beans http://www.springframework.org/schema/beans/spring-beans.xsd
		http://www.springframework.org/schema/context http://www.springframework.org/schema/context/spring-context-4.3.xsd">
 
 <!-- 配置自动扫描的包 -->
    <context:component-scan base-package="com.myCompany.controller"></context:component-scan>
    
    <!-- 配置视图解析器 把Controller方法返回的视图解析为实际视图 -->
    <bean class="org.springframework.web.servlet.view.InternalResourceViewResolver">
        <!-- 前缀 -->
        <property name="prefix" value="/WEB-INF/page/"></property>
        <!-- 后缀 -->
        <property name="suffix" value=".jsp"></property>
    </bean>
    
    <!-- 国际化资源文件 -->
    <bean id="messageSource" class="org.springframework.context.support.ReloadableResourceBundleMessageSource">
        <!-- 表示多语言配置文件在根路径下，以language开头的文件-->
        <property name="basename" value="classpath:resources/properties/language"/>
        <property name="useCodeAsDefaultMessage" value="true"/>
    </bean>
    <bean id="localeResolver" class="org.springframework.web.servlet.i18n.SessionLocaleResolver">
    </bean>

    <mvc:interceptors>
        <bean id="localeChangeInterceptor" class="org.springframework.web.servlet.i18n.LocaleChangeInterceptor">
            <property name="paramName" value="lang"/>
        </bean>
    </mvc:interceptors>
    
    
    <mvc:annotation-driven/>
    <mvc:resources mapping="/resource/**" location="/WEB-INF/resource/"/>
</beans>